Player,Pos,Conf_Major,NCAA_AdjTempo,NCAA_AdjOE,NCAA_AdjDE,NCAA_TeamID,NCAA_Year,NCAA_GP,NCAA_GS,NCAA_MIN_PG,NCAA_FGpct_PG,NCAA_3PM_PG,NCAA_3Ppct_PG,NCAA_FTM_PG,NCAA_FTpct_PG,NCAA_OFF_PG,NCAA_DEF_PG,NCAA_AST_PG,NCAA_STL_PG,NCAA_BLK_PG,NCAA_PF_PG,NCAA_TOV_PG,NCAA_PTS_PG,NCAA_DblDbl,NCAA_TplDbl,NCAA_HOB,NCAA_Ast_TO,NCAA_Stl_TO,NCAA_FT_FGA,NCAA_W,NCAA_L,NCAA_Winpct,NCAA_OWS,NCAA_DWS,NCAA_WS,NCAA_TSpct,NCAA_eFGpct,NCAA_USGpct,NCAA_TotalSpct,NCAA_PPR,NCAA_PPS,NCAA_ORtg,NCAA_DRtg,NCAA_PER,Height,Weight,Wingspan,NCAASeasons,AgeAtDraft,HighestLevelReached,NBA_OWS,NBA_DWS,NBA_WS,NBA_PER
Bennie-Boatwright,3,1,68.75,114.15,100.7,242,2017,19,18,27.6,0.428,2.47,0.364,3.58,0.907,1.53,3,1.68,0.42,0.37,2.11,1.58,15.11,1,0,0.226,1.07,0.27,0.37,13,6,0.684,1.91,0.38,2.29,0.606,0.545,25.8,169.89,1.66,1.43,122.1,108.9,20.85,82,220,81,3,21.88364134,Prospect,NA,NA,NA,NA
Andrew-Rowsey,1,1,69.52,119.24,105.56,68,2018,35,32,32.7,0.42,3.57,0.415,5,0.902,0.4,2.6,4.83,0.91,0.2,2.37,2.83,20.46,2,0,0.381,1.71,0.32,0.39,21,14,0.6,4.81,0.4,5.22,0.61,0.546,30.37,173.75,1.19,1.45,120.9,113.2,22.78,70,180,72.5,4,23.95345654,Prospect,NA,NA,NA,NA
Bogdan-Bliznyuk,2,2,66.54,107.3,104.63,78,2018,35,35,35.1,0.528,1.29,0.398,4.74,0.902,0.94,5.86,3.91,0.83,0.29,2.37,3.4,21.17,6,0,0.429,1.15,0.24,0.37,20,15,0.571,4.46,1.6,6.06,0.629,0.573,30.23,182.83,2.28,1.48,116.5,103.3,24.57,78,215,79.5,4,23.17043121,Prospect,NA,NA,NA,NA
Cassius-Winston,1,1,67.04,119.19,93.77,100,2018,35,34,28.1,0.507,2.14,0.497,2.31,0.9,0.2,3.17,6.89,0.66,0.06,1.97,2.49,12.63,5,0,0.387,2.77,0.26,0.32,30,5,0.857,4.28,1.7,5.98,0.681,0.64,21.01,190.38,7.68,1.57,131.3,98.8,22.05,72,185,76,2,20.25462012,Prospect,NA,NA,NA,NA
Thomas-Welsh,3,1,72.58,124.05,100.42,241,2017,32,32,25.1,0.585,0.03,1,1.31,0.894,2.19,6.47,1,0.34,1.34,2.53,0.44,10.78,9,0,0.171,2.29,0.79,0.18,27,5,0.844,2.8,1.39,4.19,0.615,0.587,17.52,247.89,0.86,1.34,134.3,98.3,22.44,84,255,84,4,22.32443532,Prospect,NA,NA,NA,NA
Devon-Hall,1,1,59.39,115.18,85.65,37,2018,34,34,32.1,0.454,1.68,0.432,2.24,0.894,0.35,3.85,3.06,0.85,0.15,1.41,1.03,11.68,0,0,0.278,2.97,0.83,0.29,31,3,0.912,3.33,2.64,5.97,0.599,0.552,19.54,177.95,3.64,1.36,124.6,91.5,19.25,77,211,81,5,22.90212183,Prospect,NA,NA,NA,NA
Jonathan-Stark,1,2,67.2,112.85,100.66,230,2018,32,32,36.4,0.451,3.44,0.399,4.16,0.893,0.38,2.28,3.94,1.34,0.19,1.75,2.44,21.41,0,0,0.399,1.62,0.55,0.3,26,6,0.812,4.75,1.79,6.55,0.611,0.563,27.92,174.22,0.53,1.4,123.7,100.7,22.55,72,180,77,4,23.02532512,Prospect,NA,NA,NA,NA
Markus-Howard,1,1,70.1,120.77,104.19,68,2017,31,26,22,0.506,2.65,0.547,1.81,0.889,0.29,1.94,2.26,0.84,0.06,2.55,2.03,13.23,0,0,0.231,1.11,0.41,0.23,18,13,0.581,2.44,0.52,2.96,0.686,0.658,26.67,194.11,2.36,1.52,120.4,108.4,21.79,71,175,72,2,19.24709103,Prospect,NA,NA,NA,NA
Kevaughn-Allen,1,1,68.99,116.95,89.45,256,2017,36,36,28.6,0.439,2.17,0.371,2.53,0.883,0.22,2.17,1.47,1.25,0.28,1.56,1.28,14.03,0,0,0.232,1.15,0.98,0.27,27,9,0.75,2.89,1.95,4.83,0.585,0.54,22.91,169.36,1.04,1.32,118.9,96.7,18.63,74,193,77,3,22.64202601,Prospect,NA,NA,NA,NA
Tyler-Nelson,1,2,70.5,102.06,106.43,165,2018,33,33,36.5,0.42,3.15,0.353,5.09,0.88,0.55,3.64,3.33,1.36,0.09,1.67,2.48,22.18,2,0,0.386,1.34,0.55,0.35,17,16,0.515,3.52,1.17,4.69,0.574,0.516,29.46,165.26,0.7,1.34,112.9,106.6,20.84,75,180,76,4,22.81177276,Prospect,NA,NA,NA,NA
Gary-Trent-Jr,1,1,69.67,122.44,93.58,31,2018,37,37,33.9,0.415,2.62,0.402,2.3,0.876,0.84,3.41,1.41,1.16,0.14,1.68,1.03,14.49,1,0,0.204,1.37,1.13,0.23,29,8,0.784,3.41,1.82,5.23,0.567,0.528,19.46,169.33,0.26,1.26,124.5,101.7,15.99,78,209,80.5,1,19.36755647,Prospect,NA,NA,NA,NA
Daryl-Macon,1,1,69.68,116.35,101.65,254,2018,35,30,30.9,0.447,2.43,0.421,4.4,0.875,0.37,2.51,3.94,1.03,0.06,1.77,1.8,16.77,0,0,0.31,2.19,0.57,0.45,23,12,0.657,4.35,0.87,5.22,0.621,0.557,24.35,174.31,2.63,1.51,126.5,108.5,21.97,75,185,78.5,2,22.50513347,Prospect,NA,NA,NA,NA
BJ-Johnson,2,2,68.94,104.86,103.8,20,2018,27,27,35.2,0.446,1.74,0.359,4.67,0.869,2.11,6.22,0.74,1.3,0.7,2.11,2.52,20.78,7,0,0.318,0.29,0.51,0.33,12,15,0.444,2.18,1.45,3.63,0.557,0.5,31.08,167.37,5.86,1.29,107.6,100.9,22.37,79,200,81.5,4,22.44490075,Prospect,NA,NA,NA,NA
Shizz-Alston,1,2,67.11,108.28,104.35,27,2017,32,32,36.4,0.408,2.09,0.345,2.06,0.868,0.62,3,4.09,1.66,0.38,2.5,1.5,13.91,0,0,0.355,2.73,1.1,0.2,16,16,0.5,2.53,1.31,3.84,0.532,0.496,20.57,162.22,3.47,1.16,113.1,104.6,16.71,76,180,77,3,21.69199179,Prospect,NA,NA,NA,NA
Joel-Berry,1,1,70.54,124.43,94.61,2,2016,40,39,30.7,0.444,1.7,0.382,2.27,0.867,0.62,2.7,3.75,1.45,0.23,2.23,1.52,12.78,1,0,0.264,2.46,0.95,0.27,33,7,0.825,3.72,1.76,5.48,0.573,0.53,19.51,169.31,3.15,1.29,124.3,101.5,18.37,72,195,75.25,4,23.16769336,Prospect,NA,NA,NA,NA
Marcus-Derrickson,3,1,70.46,109.72,102.28,66,2018,29,29,32,0.505,1.62,0.465,3.9,0.863,2.31,5.76,1.59,0.69,0.66,2.41,2.17,15.86,7,0,0.253,0.73,0.32,0.44,15,14,0.517,2.82,1.32,4.14,0.64,0.584,22.12,183.3,3.41,1.55,121.4,101.9,20.48,79,250,85,3,22.32991102,Prospect,NA,NA,NA,NA
Matt-Mobley,1,2,68.76,109.03,101.8,26,2017,32,31,38.3,0.42,2.69,0.379,4.84,0.861,0.5,5.34,2.56,1.56,0.31,2.44,2.31,18.53,3,0,0.313,1.11,0.68,0.43,20,12,0.625,3.37,1.78,5.15,0.588,0.523,23.05,166,1.56,1.42,117.5,101.2,18.86,75,185,78.5,4,23.74811773,Prospect,NA,NA,NA,NA
Trae-Young,1,1,75.48,114.61,100.45,4,2018,32,32,35.4,0.423,3.69,0.361,7.38,0.861,0.44,3.47,8.69,1.69,0.25,1.78,5.22,27.38,11,0,0.565,1.66,0.32,0.44,18,14,0.562,4.85,1.08,5.93,0.586,0.519,37.15,164.52,1.48,1.42,114.7,106.9,26.86,74,180,76,1,19.69883641,Prospect,NA,NA,NA,NA
Jevon-Carter,1,1,69.19,119.37,96.93,77,2018,38,38,34.3,0.422,2.03,0.393,3.55,0.86,0.76,3.87,6.66,2.97,0.34,2.95,2.61,16.89,4,0,0.436,2.56,1.14,0.31,27,11,0.711,4.54,2.93,7.47,0.55,0.498,24.66,167.51,5.29,1.26,120,93.3,23.59,74,205,75,4,22.71321013,Prospect,NA,NA,NA,NA
Shamorie-Ponds,1,1,69.35,106.48,96.17,75,2018,30,30,37,0.42,1.57,0.253,5,0.857,1.2,3.83,4.73,2.33,0.1,1.77,2.73,21.57,1,0,0.463,1.73,0.85,0.33,15,15,0.5,2.7,1.69,4.39,0.523,0.464,31.53,152.96,1.12,1.21,107.4,100.9,22.49,73,175,75,2,19.92334018,Prospect,NA,NA,NA,NA
Jeff-Roberson,2,1,65.8,115.26,107.33,264,2018,32,31,34.4,0.478,1.94,0.405,4.75,0.854,1.91,5.22,1.53,0.88,0.34,2.84,1.53,16.94,8,0,0.275,1,0.57,0.52,12,20,0.375,4.32,0.74,5.06,0.634,0.569,22.69,173.73,1.56,1.58,129,109.9,22.39,78,220,82.5,4,21.77960301,Prospect,NA,NA,NA,NA
Dikymbe-Martin,1,2,68.26,94.5,103.67,114,2018,25,22,31.4,0.422,1.24,0.408,3.04,0.854,0.56,3,2.84,1.2,0,2.24,2.72,13.56,1,0,0.318,1.04,0.44,0.32,8,17,0.32,0.81,1.25,2.05,0.534,0.478,24.24,168.36,2.62,1.23,100.1,100.2,13.92,73,170,76,2,20.36960986,Prospect,NA,NA,NA,NA
Peyton-Aldridge,2,2,64.47,116.99,102.29,269,2018,33,33,37.7,0.479,2.33,0.381,3.64,0.851,1.39,6.21,2.48,0.39,0.61,1.55,1.21,21.24,7,0,0.372,2.05,0.33,0.27,21,12,0.636,4.88,1.62,6.5,0.591,0.552,28.19,171.13,1.26,1.33,122.2,103.2,24.22,80,225,82,4,22.55715264,Prospect,NA,NA,NA,NA
Mikal-Bridges,2,1,68.72,127.76,94,76,2018,40,40,32.1,0.514,2.6,0.435,2.85,0.851,1.35,3.92,1.93,1.52,1.07,2.15,1.35,17.65,2,0,0.263,1.43,1.13,0.28,36,4,0.9,5.52,2.4,7.92,0.655,0.623,23.21,179.96,0.21,1.49,132.7,97.4,25.27,78,210,86,4,21.7522245,Prospect,NA,NA,NA,NA
Josh-Langford,1,1,67.04,119.19,93.77,100,2018,35,35,27,0.429,1.26,0.404,1.77,0.849,0.8,2.2,1.54,0.37,0.09,2.37,1.49,11.71,0,0,0.208,1.04,0.25,0.21,30,5,0.857,1.72,1.39,3.11,0.527,0.492,23.42,168.24,1.74,1.16,109.1,101.5,12.56,77,210,79.5,2,21.3744011,Prospect,NA,NA,NA,NA
Trevon-Bluiett,2,1,70.53,120.1,98.59,28,2018,35,34,34.3,0.437,3,0.417,4.77,0.848,0.83,4.69,2.49,0.74,0.26,2.17,2,19.31,1,0,0.286,1.24,0.37,0.43,29,6,0.829,4.16,1.42,5.57,0.608,0.551,25.45,170.16,0.97,1.46,122,104.5,20.34,78,198,78.5,4,23.57289528,Prospect,NA,NA,NA,NA
Shake-Milton,1,2,64.32,109.5,100.89,303,2018,22,22,36.4,0.449,2.55,0.434,4.27,0.847,0.64,4.05,4.36,1.41,0.64,1.73,2.27,18,0,0,0.382,1.92,0.62,0.41,15,7,0.682,3.07,1.55,4.62,0.606,0.551,24.85,172.99,1.9,1.45,123.7,96,22.44,78,205,83.5,3,21.67830253,Prospect,NA,NA,NA,NA
Kelan-Martin,2,1,67.58,116.25,97.2,145,2018,35,35,35.7,0.447,2.71,0.364,3.71,0.844,0.94,5.31,2,0.74,0.46,1.91,2.4,21.23,5,0,0.323,0.83,0.31,0.27,21,14,0.6,3.47,1.59,5.07,0.569,0.528,30,165.47,3.01,1.28,111.9,103.5,21.12,79,220,87,4,22.82819986,Prospect,NA,NA,NA,NA
Scottie-Lindsey,1,1,65.57,111.31,95.5,102,2017,32,32,30.6,0.424,1.81,0.322,2.12,0.84,0.53,3.28,2.28,0.94,0.28,2.28,1.38,14.12,0,0,0.286,1.66,0.68,0.21,23,9,0.719,2.14,1.65,3.79,0.535,0.5,24.63,158.62,0.5,1.18,110.8,98.8,17.11,77,210,84,4,22.03148528,Prospect,NA,NA,NA,NA
Tyus-Battle,1,1,62.91,107.03,92.21,382,2018,37,37,38.9,0.399,2.08,0.322,4.51,0.839,0.46,2.46,2.05,1.46,0.19,2,2.35,19.24,0,0,0.373,0.87,0.62,0.34,23,14,0.622,3.1,1.97,5.07,0.523,0.465,28.14,156.07,2.75,1.22,108.5,102.6,16.9,78,205,80,2,20.68720055,Prospect,NA,NA,NA,NA
Kendrick-Nunn,1,2,70.29,107.44,107.67,313,2018,30,26,37.9,0.435,4.47,0.394,3.97,0.838,0.9,3.83,3.77,1.5,0.37,2.23,2.93,25.9,0,0,0.474,1.28,0.51,0.24,16,14,0.533,3.66,1.06,4.72,0.58,0.547,32.59,166.74,1.09,1.29,113.2,107,22.81,75,193,79,4,22.82819986,Prospect,NA,NA,NA,NA
Hayden-Dalton,3,2,73.48,105.61,100.62,214,2018,33,33,33.3,0.458,2.58,0.403,3.61,0.838,1.39,6.45,2.61,0.94,0.48,2.73,2.48,17.7,8,0,0.316,1.05,0.38,0.34,20,13,0.606,2.66,1.68,4.34,0.605,0.56,25.21,169.87,2.1,1.41,111.8,100.8,19.77,80,195,83,3,21.94661191,Prospect,NA,NA,NA,NA
Tra-Holder,1,1,71.32,116.72,102.59,236,2018,32,32,35.1,0.407,2.16,0.369,4.97,0.837,0.94,3.25,3.44,1.31,0.03,2,2.44,18.19,1,0,0.323,1.41,0.54,0.44,20,12,0.625,2.97,1.29,4.25,0.554,0.486,26.24,161.27,0.4,1.34,112.9,104.9,18.32,73,180,73,4,22.67761807,Prospect,NA,NA,NA,NA
Grayson-Allen,1,1,67.68,121.87,100,31,2016,36,35,36.6,0.466,2.5,0.417,5.86,0.837,0.67,3.92,3.53,1.31,0.14,2.72,2,21.64,2,0,0.372,1.76,0.65,0.49,25,11,0.694,6.1,1.27,7.37,0.616,0.554,26.75,171.99,0.98,1.52,128.8,106.4,24.73,77,202,78.5,4,22.64750171,Prospect,NA,NA,NA,NA
Malik-Newman,1,1,68.76,120.85,97.36,54,2018,39,33,31.6,0.463,2.18,0.415,2.46,0.835,0.51,4.51,2.1,1.08,0.15,1.56,1.46,14.18,1,0,0.23,1.44,0.74,0.29,31,8,0.795,3.36,1.71,5.07,0.606,0.568,20.84,171.21,0.19,1.38,120.4,102.4,18.34,75,190,77.75,2,21.27310062,Prospect,NA,NA,NA,NA
Vince-Edwards,2,1,67.15,122.7,96.43,105,2018,35,35,31.6,0.476,1.46,0.398,2.86,0.833,2.03,5.37,2.89,0.51,0.6,1.77,2.03,14.6,8,0,0.287,1.42,0.25,0.32,28,7,0.8,3.5,2.22,5.72,0.587,0.544,23.8,170.8,0.34,1.35,118.9,95.9,20.75,80,225,84,4,22.15468857,Prospect,NA,NA,NA,NA
Thomas-Wilder,1,2,67.86,107.13,106.77,185,2017,32,32,31.7,0.458,1.97,0.444,4.97,0.832,0.44,3.84,3.78,1.31,0.38,2.44,2,19.25,1,0,0.368,1.89,0.66,0.44,16,16,0.5,4.16,1.1,5.26,0.591,0.531,28.05,173.43,1.63,1.43,122.5,105,24.76,75,190,80,4,23.04996578,Prospect,NA,NA,NA,NA
Aaron-Holiday,1,1,70.35,114.95,101.43,241,2018,33,33,37.7,0.461,2.67,0.429,4.82,0.828,0.52,3.15,5.82,1.27,0.24,2.64,3.79,20.33,2,0,0.436,1.54,0.34,0.42,21,12,0.636,3.89,1.18,5.07,0.609,0.557,26.64,171.83,0.24,1.46,115.4,106.9,19.98,73,185,78,3,21.66735113,Prospect,NA,NA,NA,NA
Bryant-Crawford,1,1,70.68,120.93,104.68,39,2017,33,33,31.8,0.438,1.64,0.346,4.3,0.826,0.33,3.48,5.52,1.48,0.27,2.82,2.3,16.18,2,0,0.38,2.39,0.64,0.45,19,14,0.576,3.61,0.77,4.39,0.571,0.508,25.13,160.96,4.21,1.38,119.1,108.7,21.28,75,200,79,3,21.19644079,Prospect,NA,NA,NA,NA
Dakota-Mathias,1,1,67.15,122.7,96.43,105,2018,37,36,31.4,0.472,2.59,0.466,1.27,0.825,0.14,3.92,3.95,1.24,0.24,1.73,1.46,12.03,0,0,0.288,2.7,0.85,0.18,30,7,0.811,3.52,2.23,5.75,0.641,0.622,17.99,176.25,3.84,1.39,126.7,96.8,18.85,76,200,78,4,22.89117043,Prospect,NA,NA,NA,NA
Mike-Daum,2,2,68.27,111.42,101.85,315,2016,34,3,20.8,0.553,0.85,0.446,4.26,0.824,2.09,4,0.79,0.5,0.32,2.09,1.65,15.24,2,0,0.227,0.48,0.3,0.57,26,8,0.765,3.94,1.34,5.28,0.656,0.6,31.9,182.31,5.44,1.67,129,96.7,32.5,81,250,88,4,22.58726899,Prospect,NA,NA,NA,NA
Carsen-Edwards,1,1,67.15,122.7,96.43,105,2018,37,36,29.5,0.458,2.62,0.406,3.54,0.824,0.35,3.49,2.81,1.14,0.22,1.76,1.73,18.54,0,0,0.322,1.62,0.66,0.32,30,7,0.811,4.23,2.05,6.28,0.596,0.555,30.51,168.78,0.5,1.37,119.7,97.2,24.29,72,190,77,2,20.22176591,Prospect,NA,NA,NA,NA
Shai-Gilgeous-Alexander,1,1,68.76,115.81,95.36,258,2018,37,24,33.7,0.485,0.62,0.404,3.86,0.822,0.89,3.24,5.11,1.65,0.49,1.68,2.68,14.38,1,0,0.373,1.91,0.62,0.46,26,11,0.703,3.49,1.91,5.4,0.579,0.516,21.89,171.08,2.17,1.41,117,100.8,20.12,78,182,84,1,19.88774812,Prospect,NA,NA,NA,NA
Jaylen-Adams,1,2,68.76,109.03,101.8,26,2017,30,30,37.4,0.419,2.57,0.356,6.87,0.821,0.6,3.13,6.5,2.07,0.17,2.8,3.43,20.63,4,0,0.464,1.89,0.6,0.63,19,11,0.633,4.25,1.5,5.76,0.595,0.515,26.94,159.62,2.37,1.54,119.9,102.4,23.03,74,190,76,4,22.0752909,Prospect,NA,NA,NA,NA
Josh-Okogie,2,1,66.11,103.58,98.68,33,2018,24,24,36.4,0.416,1.58,0.38,5.54,0.821,2.25,4,2.46,1.75,0.96,2.92,2.54,18.21,2,0,0.33,0.97,0.69,0.51,9,15,0.375,2.28,1.15,3.42,0.55,0.475,27,161.66,2.6,1.37,111.8,103.1,21.22,76,213,84,2,19.74811773,Prospect,NA,NA,NA,NA
Jared-Terrell,1,2,68.35,111.13,97.2,22,2018,34,34,33.2,0.427,2.21,0.414,3.38,0.821,0.94,2.56,2.35,1.47,0.21,2.29,1.74,16.82,0,0,0.284,1.36,0.85,0.31,26,8,0.765,2.95,1.8,4.75,0.557,0.511,25.21,166.31,0.51,1.28,114.2,100.2,18.75,75,215,78,4,23.3045859,Prospect,NA,NA,NA,NA
VJ-King,2,1,67.94,117.24,91.73,67,2017,33,7,13.5,0.432,0.48,0.421,1.39,0.821,0.52,1.55,0.48,0.21,0.09,0.76,0.67,5.52,0,0,0.083,0.73,0.32,0.4,24,9,0.727,0.95,0.75,1.71,0.55,0.489,20.66,167.41,2.6,1.31,114.1,98.7,15.08,78,190,81.5,2,21.35523614,Prospect,NA,NA,NA,NA
Chris-Cokley,2,2,67.67,109.6,103.28,306,2018,32,29,27.2,0.582,0,0,3.25,0.819,3.12,5.53,1.53,0.56,0.41,1.62,1.47,16.94,14,0,0.292,1.04,0.38,0.34,19,13,0.594,3.99,1.49,5.49,0.621,0.582,27.88,140.13,1.66,1.44,127.2,98.9,28.84,80,238,83,4,21.84531143,Prospect,NA,NA,NA,NA
Theo-Pinson,1,1,71.23,120.34,96.75,2,2018,37,37,29.7,0.473,0.32,0.226,2.92,0.818,1.49,5,5.05,1.08,0.54,2.27,2.41,10.27,7,0,0.287,2.1,0.45,0.48,26,11,0.703,2.58,1.73,4.31,0.563,0.495,18.09,151.73,3.16,1.38,116,100.4,17.94,78,220,83,4,22.57084189,Prospect,NA,NA,NA,NA
Keenan-Evans,1,1,66.72,113.34,90.75,62,2018,36,35,29.5,0.471,1.33,0.32,5.47,0.817,0.31,2.72,3.17,1.14,0.31,1.81,1.94,17.58,0,0,0.328,1.63,0.59,0.58,27,9,0.75,4.3,2.17,6.47,0.601,0.529,28.45,160.83,0.58,1.54,122.6,95.5,23.84,75,190,77,4,21.77138946,Prospect,NA,NA,NA,NA
Matt-Farrell,1,1,65.39,114.89,99.1,69,2018,31,31,35.8,0.41,3.16,0.377,2.29,0.816,0.19,2.23,5.45,1.03,0.06,1.48,2.39,16.29,1,0,0.402,2.28,0.43,0.21,20,11,0.645,2.98,1.17,4.16,0.559,0.529,24.65,160.28,3.63,1.23,114.1,105.8,17.78,73,175,76,4,23.21423682,Prospect,NA,NA,NA,NA
Rob-Gray,1,2,65.37,113.51,99.9,299,2017,32,30,32,0.476,2.03,0.387,3.44,0.815,1.03,2.69,2.91,1.19,0.16,1.91,2.25,20.41,0,0,0.388,1.29,0.53,0.27,21,11,0.656,3.93,1.69,5.62,0.577,0.541,32.17,167.78,1.03,1.3,116.8,99.2,24.96,73,185,76,3,24.1615332,Prospect,NA,NA,NA,NA
Allonzo-Trier,1,1,66.02,118.39,95.08,235,2017,18,13,31.9,0.46,1.89,0.391,5.22,0.81,0.28,5.06,2.67,0.39,0.11,1.78,1.72,17.22,0,0,0.288,1.55,0.23,0.59,15,3,0.833,2.31,0.54,2.85,0.612,0.545,25.81,166.07,0.18,1.57,125.6,106.6,22.39,77,205,78,3,22.37097878,Prospect,NA,NA,NA,NA
Chris-Chiozza,1,1,67.13,114.49,95.53,256,2018,34,32,32,0.417,1.12,0.349,2.24,0.809,0.53,3.79,6.12,1.91,0.12,2.15,1.79,11.06,2,0,0.38,3.41,1.07,0.3,21,13,0.618,2.73,1.91,4.64,0.524,0.478,19.51,157.43,7.3,1.2,116.2,98.4,19.03,72,175,73.5,4,22.52703628,Prospect,NA,NA,NA,NA
Quade-Green,1,1,68.76,115.81,95.36,258,2018,34,13,25.6,0.451,1.21,0.376,1.24,0.808,0.38,1.38,2.68,0.32,0,1.62,1.62,9.26,0,0,0.223,1.65,0.2,0.2,24,10,0.706,1.6,0.74,2.34,0.559,0.531,18.81,163.52,0.65,1.23,112,107.9,12.32,72,180,73.25,1,20.05475702,Prospect,NA,NA,NA,NA
Jeffrey-Carroll,2,1,70.38,125.99,103.51,59,2017,33,21,29.1,0.537,1.79,0.444,3.67,0.807,1.94,4.64,1.21,0.88,0.15,1.94,1.58,17.45,3,0,0.249,0.77,0.56,0.41,20,13,0.606,4.33,0.77,5.1,0.654,0.617,23.7,178.69,2.54,1.56,133.4,108,25.04,78,220,79.5,5,23.56741958,Prospect,NA,NA,NA,NA
Chaundee-Brown,2,1,69.49,110.93,102.99,39,2018,30,29,20.9,0.411,0.9,0.342,0.83,0.806,0.9,2.13,1.13,0.23,0.17,1.4,1.23,7.6,0,0,0.16,0.92,0.19,0.14,10,20,0.333,0.51,0.36,0.87,0.498,0.474,21,155.94,2.29,1.07,99.4,110.9,11.13,77,210,80,1,19.49075975,Prospect,NA,NA,NA,NA
Milik-Yarbrough,2,2,68.86,105.68,103.29,201,2018,32,28,28,0.453,0.97,0.29,4.88,0.804,1.44,5.12,4.75,0.94,0.66,2.66,3.94,16.59,6,0,0.415,1.21,0.24,0.51,17,15,0.531,2.11,1.35,3.47,0.562,0.493,33.94,154.65,2.79,1.4,105.1,101,22.77,78,230,86,3,22.58726899,Prospect,NA,NA,NA,NA
Max-Strus,1,1,69.77,104.51,97.47,65,2018,31,31,35.6,0.408,2.61,0.333,3.16,0.803,1.55,4.1,2.74,1.29,0.52,2.9,2.65,16.81,2,0,0.313,1.04,0.49,0.29,11,20,0.355,2.07,1.39,3.46,0.546,0.505,24.13,154.47,2.25,1.24,108,103.7,16.5,78,215,82,1,22.17659138,Prospect,NA,NA,NA,NA
Mustapha-Heron,2,1,72.58,115.44,96.74,255,2018,32,32,28.6,0.439,1.34,0.331,4.34,0.803,1.28,4.03,0.94,1.19,0.06,2.56,2.06,16.44,2,0,0.237,0.45,0.58,0.44,24,8,0.75,2.13,1.47,3.6,0.555,0.494,27.55,157.3,4.77,1.34,110.2,100,18.58,77,218,80,2,20.46817248,Prospect,NA,NA,NA,NA
Jalen-Brunson,1,1,68.72,127.76,94,76,2018,40,40,31.8,0.521,2.15,0.408,3.25,0.802,0.3,2.75,4.6,0.93,0.03,1.95,1.77,18.9,0,0,0.372,2.59,0.52,0.31,36,4,0.9,6.21,1.67,7.87,0.635,0.604,26.37,173.13,4.06,1.46,131,103.2,24.67,74,200,75.5,3,21.74948665,Prospect,NA,NA,NA,NA
Yante-Maten,3,1,64.4,107.52,95.88,257,2018,33,33,34.3,0.464,0.88,0.341,5.85,0.801,3.52,5.06,1.55,0.45,1.48,2.18,2.03,19.27,14,0,0.336,0.76,0.22,0.54,18,15,0.545,4.33,1.83,6.15,0.567,0.497,28.68,160.61,3.12,1.43,120.2,100,25.49,80,243,85,4,21.79603012,Prospect,NA,NA,NA,NA
Shannon-Evans,1,2,68.35,111.3,99.43,176,2015,33,33,34.5,0.413,2,0.382,3.48,0.799,0.45,2.7,4.64,1.7,0.3,2.09,2.55,15.36,2,1,0.378,1.82,0.67,0.36,23,10,0.697,2.91,1.53,4.44,0.547,0.496,23.57,159.28,1.5,1.28,111.8,100.8,18.59,73,172,76,4,23.86858316,Prospect,NA,NA,NA,NA
Tony-Carr,1,1,67.32,114.3,95.11,104,2018,37,37,35.3,0.408,2.38,0.433,3.97,0.799,0.89,4.05,5.03,0.81,0.3,1.84,2.3,19.59,1,0,0.43,2.19,0.35,0.31,24,13,0.649,4.26,1.86,6.12,0.527,0.482,30.05,164.07,3.08,1.21,114.3,101.9,21.33,77,204,80,2,20.63791923,Prospect,NA,NA,NA,NA
Jaren-Jackson,2,1,67.04,119.19,93.77,100,2018,35,34,21.8,0.513,1.09,0.396,3.03,0.797,1.49,4.31,1.11,0.6,3,3.2,1.77,10.91,6,0,0.159,0.63,0.34,0.57,30,5,0.857,2.4,2.27,4.67,0.647,0.595,23.5,170.58,4.84,1.65,120.7,85.8,25.13,83,235,88,1,18.71047228,Prospect,NA,NA,NA,NA
Jalen-Adams,1,2,67,104.96,105.39,64,2018,30,30,38.1,0.43,1.6,0.324,2.6,0.796,0.87,3.37,4.7,1.53,0.33,1.6,2.9,18.07,1,0,0.484,1.62,0.53,0.2,13,17,0.433,2.12,0.89,3.01,0.511,0.479,27.95,155,0.64,1.12,105,108.7,18.43,75,195,78.5,3,22.47227926,Prospect,NA,NA,NA,NA
Rui-Hachimura,2,2,69.42,118.09,95.05,332,2018,37,3,20.7,0.569,0.14,0.192,2.84,0.795,1.27,3.43,0.62,0.51,0.51,1.97,1.19,11.57,0,0,0.163,0.52,0.43,0.47,32,5,0.865,2.83,1.56,4.39,0.623,0.578,25.09,155.72,3.75,1.52,124.1,95.5,23.73,80,225,86,2,20.30937714,Prospect,NA,NA,NA,NA
Keita-Bates-Diop,2,1,66.98,116.02,94.86,103,2018,34,34,33.1,0.48,1.94,0.359,3.29,0.794,1.53,7.18,1.65,0.91,1.65,1.68,1.82,19.76,13,0,0.319,0.9,0.5,0.27,25,9,0.735,3.78,2.47,6.25,0.577,0.544,29.46,163.26,2.26,1.3,116.9,93.9,26.27,79,235,86,4,22.35455168,Prospect,NA,NA,NA,NA
Brandon-Goodwin,1,2,65.89,109.44,104.37,43,2017,34,34,31.6,0.513,1.62,0.355,4,0.791,0.82,3.71,4.09,1.21,0.06,2.12,2.12,18.5,3,0,0.356,1.93,0.57,0.4,26,8,0.765,4.76,1.68,6.44,0.618,0.577,26.93,165.84,1.94,1.47,126.1,100,25.24,74,180,78,4,22.66392882,Prospect,NA,NA,NA,NA
Justin-Pierce,2,2,69.99,115.34,115.24,127,2018,31,30,31.6,0.502,1.52,0.416,2.68,0.79,2.03,6.58,2.42,0.9,0.61,2.13,1.81,14.71,7,0,0.261,1.34,0.5,0.32,19,12,0.613,3.11,0.6,3.71,0.608,0.574,22.53,170.79,0.6,1.4,120.8,110.4,21.16,78,205,80.5,2,19.90417522,Prospect,NA,NA,NA,NA
Khyri-Thomas,1,1,70.79,115.53,98.61,198,2018,33,33,31.7,0.538,1.88,0.411,2.03,0.788,1.06,3.3,2.79,1.7,0.24,1.88,1.79,15.06,1,0,0.274,1.56,0.95,0.25,21,12,0.636,3.21,1.68,4.88,0.65,0.629,20.99,173.68,0.21,1.45,122.5,100.1,20.6,75,205,82,3,22.06433949,Prospect,NA,NA,NA,NA
Matt-Coleman,1,1,65.21,109.51,94.08,60,2018,34,34,34,0.411,0.82,0.286,2.06,0.787,0.71,1.79,4.12,1.18,0.03,3.03,2.18,10.18,1,0,0.299,1.89,0.54,0.29,19,15,0.559,1.34,1.47,2.81,0.503,0.457,18.71,148.28,1.74,1.15,103.5,103.6,11.79,74,180,77,1,20.3559206,Prospect,NA,NA,NA,NA
OShae-Brissett,3,1,62.91,107.03,92.21,382,2018,37,37,38.1,0.354,1.49,0.331,4.7,0.787,2.22,6.62,0.92,1.16,0.78,2.24,1.86,14.95,13,0,0.236,0.49,0.62,0.48,23,14,0.622,2.28,2.77,5.05,0.491,0.414,23.67,147.24,3.58,1.21,106.4,96.3,16.6,80,210,83,1,19.94798084,Prospect,NA,NA,NA,NA
Deng-Adel,2,1,69.67,112.16,96.75,67,2018,34,33,33.1,0.447,1.47,0.35,3.03,0.786,0.65,4.53,2.76,0.62,0.32,1.44,2.26,14.91,3,0,0.298,1.22,0.27,0.33,20,14,0.588,2.16,1.48,3.65,0.553,0.51,23.91,158.29,1.28,1.28,108.5,103.1,16.61,79,200,81.5,3,22.32991102,Prospect,NA,NA,NA,NA
George-King,2,1,67.77,104.92,99.65,52,2018,32,30,28.5,0.445,1.94,0.395,2.12,0.782,1.75,6.06,1.09,0.53,0.66,2.44,2,12.94,5,0,0.219,0.55,0.27,0.27,17,15,0.531,1.77,1.36,3.13,0.574,0.542,23.31,162.17,4.48,1.3,109.3,101.3,18.07,78,225,84,5,24.37508556,Prospect,NA,NA,NA,NA
Desmond-Bane,1,1,68.59,119.68,101.21,211,2018,33,32,30.5,0.539,1.79,0.461,1.94,0.78,0.45,3.61,2.48,0.94,0.24,2.3,1.76,12.52,0,0,0.232,1.41,0.53,0.3,21,12,0.636,2.69,0.93,3.63,0.671,0.649,18.06,178.05,0.33,1.54,124.1,107.1,17.11,77,215,76,2,19.93429158,Prospect,NA,NA,NA,NA
Donte-Grantham,2,1,66.13,114.21,92.56,30,2018,19,19,31.8,0.56,1.37,0.419,2.05,0.78,1.58,5.32,2.37,0.79,0.89,2,1.63,14.16,4,0,0.288,1.45,0.48,0.27,16,3,0.842,2.11,1.26,3.37,0.654,0.632,20.16,175.98,0.17,1.48,126.6,94.4,21.9,80,215,83,4,23.20328542,Prospect,NA,NA,NA,NA
Kameron-McGusty,1,1,70,107.43,95.94,4,2017,31,17,24.9,0.43,1.23,0.352,1.58,0.778,0.39,1.77,0.87,0.77,0.26,1.32,1.55,10.87,0,0,0.193,0.56,0.5,0.22,11,20,0.355,0.89,0.73,1.62,0.525,0.495,23.13,155.92,3.82,1.16,101.7,106.5,13.52,77,191,78,2,20.72553046,Prospect,NA,NA,NA,NA
Collin-Sexton,1,1,68.71,108.65,95.24,253,2018,33,32,29.9,0.447,1.33,0.336,5.94,0.778,1.03,2.73,3.61,0.85,0.09,2.45,2.79,19.15,0,0,0.378,1.29,0.3,0.58,17,16,0.515,3.33,1.13,4.47,0.567,0.498,32.91,156.11,1.28,1.44,113.1,104.8,22.41,75,190,79,1,19.40588638,Prospect,NA,NA,NA,NA
Nate-Mason,1,1,69.84,108.73,103.65,101,2018,31,31,34.1,0.393,2.48,0.391,3.35,0.776,0.58,3.06,4.19,1.1,0.06,1.94,1.52,16.68,1,0,0.359,2.77,0.72,0.31,14,17,0.452,2.75,0.76,3.5,0.526,0.482,24.87,155.95,3.73,1.21,113.7,109.3,18.17,74,190,75,4,22.85284052,Prospect,NA,NA,NA,NA
William-Lee,2,2,66.06,103.87,106.39,306,2017,33,32,28.2,0.492,1.33,0.373,2.82,0.775,1.24,5.42,1.58,0.91,2.39,1.7,1.97,13.18,5,0,0.241,0.8,0.46,0.4,17,16,0.515,2.23,1.87,4.1,0.604,0.564,23.57,163.96,3.36,1.44,113.1,95.5,22.91,81,206,84,4,23.38945927,Prospect,NA,NA,NA,NA
Payton-Pritchard,1,1,67.35,111.13,100.89,238,2018,36,35,35.1,0.447,2.36,0.413,2.28,0.774,0.5,3.33,4.75,1.42,0,2.44,2.11,14.53,1,0,0.354,2.25,0.67,0.27,23,13,0.639,3.45,1.44,4.89,0.583,0.554,20.77,163.34,3.02,1.31,118.7,104.9,17.43,74,200,76,2,20.3394935,Prospect,NA,NA,NA,NA
Kevin-Knox,2,1,68.76,115.81,95.36,258,2018,37,37,32.4,0.447,1.54,0.341,3.43,0.774,0.89,4.51,1.43,0.84,0.27,2.22,2.3,15.62,2,0,0.251,0.62,0.36,0.37,26,11,0.703,2.44,1.72,4.16,0.557,0.511,24.65,156.24,4.16,1.31,109.7,101.8,16.53,81,215,84,1,18.80629706,Prospect,NA,NA,NA,NA
Zach-Lofton,1,2,68.48,107.88,94.96,346,2018,33,31,32,0.455,2.64,0.38,4.27,0.77,1.12,3.85,1.7,1.06,0.12,2.03,2.03,20,2,0,0.291,0.84,0.52,0.39,27,6,0.818,3.77,2.37,6.14,0.587,0.546,28.9,160.51,2.81,1.39,119.2,93.4,22.56,76,180,79,3,25.53319644,Prospect,NA,NA,NA,NA
Nathan-Knight,3,2,69.99,115.34,115.24,127,2018,31,30,28.7,0.575,0.35,0.306,4.84,0.769,1.87,5.42,2.23,0.58,1.97,3.32,2.68,18.48,9,0,0.302,0.83,0.22,0.54,19,12,0.613,3.53,0.7,4.23,0.636,0.591,30.73,165.02,4.07,1.6,119,108.5,26.59,82,247,86.25,2,20.6954141,Prospect,NA,NA,NA,NA
Kevin-Hervey,2,2,70.64,110.61,100.8,287,2017,35,28,27.8,0.458,1.94,0.342,3.23,0.769,1.4,7.14,2.11,1.23,0.4,1.86,1.89,17.06,16,0,0.289,1.12,0.65,0.32,27,8,0.771,3.23,2.41,5.64,0.57,0.533,29.15,156.86,1.68,1.31,116.2,90.6,25.53,81,230,87,4,21.89459274,Prospect,NA,NA,NA,NA
MiKyle-Mcintosh,3,2,64.94,107.61,93.61,201,2017,30,29,26.7,0.41,1.07,0.348,3.43,0.763,1.57,4,1.77,0.67,0.83,3.03,2.47,12.5,1,0,0.231,0.72,0.27,0.46,24,6,0.8,1.19,1.77,2.96,0.525,0.464,28.05,152.03,5.12,1.28,102,93.4,17,79,234,82,5,23.86858316,Prospect,NA,NA,NA,NA
Jessie-Govan,3,1,70.46,109.72,102.28,66,2018,30,30,32.7,0.508,0.53,0.348,3.93,0.761,2.47,7.57,1.97,0.6,1.13,2.9,1.73,17.87,15,0,0.325,1.13,0.35,0.39,15,15,0.5,3.02,1.54,4.57,0.571,0.528,25.86,161.67,1.26,1.35,117.7,100.4,22.79,82,270,88,3,20.85147159,Prospect,NA,NA,NA,NA
Bonzie-Colson-Jr,1,1,65.39,114.89,99.1,69,2018,21,21,32.4,0.503,0.81,0.293,3.95,0.761,2.29,7.81,0.9,1.67,2.24,1.71,1.52,19.71,11,0,0.309,0.59,1.09,0.35,15,6,0.714,2.35,1.93,4.28,0.569,0.53,30.03,155.78,2.94,1.33,117,87.1,29.9,78,225,83.5,4,22.38466804,Prospect,NA,NA,NA,NA
Kevin-Huerter,1,1,66.31,114.1,99.08,34,2018,32,32,34.4,0.503,2.28,0.417,2.34,0.758,0.97,4.06,3.38,0.62,0.66,2.38,2.5,14.75,2,0,0.333,1.35,0.25,0.31,19,13,0.594,3.1,1.58,4.69,0.64,0.616,21.5,167.78,0.77,1.47,119,101.8,18.37,79,190,79.75,2,19.76180698,Prospect,NA,NA,NA,NA
DeAndre-Hunter,3,1,59.39,115.18,85.65,37,2018,33,0,19.9,0.488,0.64,0.382,2.24,0.755,1.15,2.39,1.09,0.58,0.39,1.82,0.94,9.18,1,0,0.17,1.16,0.61,0.46,31,2,0.939,2.14,1.75,3.88,0.584,0.538,25.68,162.52,1.23,1.42,118.6,89,22.12,79,222,86,2,20.49828884,Prospect,NA,NA,NA,NA
MJ-Walker,2,1,71.25,114.29,96.52,32,2018,35,1,18.8,0.379,1.17,0.345,1.23,0.754,0.2,1.49,1.09,0.63,0.14,2.23,1.11,7.03,0,0,0.12,0.97,0.56,0.27,23,12,0.657,0.63,0.83,1.47,0.51,0.474,20.43,147.74,2.01,1.15,101.6,103.6,10.27,77,205,80,1,20.1779603,Prospect,NA,NA,NA,NA
Brekkott-Chapman,2,2,67.52,106.72,105.85,86,2018,27,26,27.2,0.454,1.52,0.423,1.67,0.75,0.74,5.22,1.41,0.89,1.67,3.48,2.37,10.81,5,0,0.193,0.59,0.38,0.26,17,10,0.63,0.6,1.55,2.15,0.571,0.544,22.87,162.64,5.25,1.29,98.6,94.8,15.7,80,205,82,3,22.14921287,Prospect,NA,NA,NA,NA
Jontay-Porter,3,1,65.69,111.88,97.05,56,2018,33,7,24.5,0.437,1.21,0.364,2.36,0.75,1.52,5.27,2.24,0.85,1.67,2.94,1.91,9.88,3,0,0.224,1.17,0.44,0.44,20,13,0.606,1.84,1.88,3.72,0.567,0.521,22.52,155.06,1.76,1.37,112.2,92.5,20.66,83,240,84,1,18.54346338,Prospect,NA,NA,NA,NA
Rodney-Bullock,2,1,66.21,108.45,96.02,71,2017,33,33,32.8,0.436,1.39,0.317,3.61,0.748,1.36,5.03,1.42,1.15,0.82,2.3,2.45,15.73,5,0,0.279,0.58,0.47,0.39,20,13,0.606,1.52,2.06,3.58,0.539,0.493,27.21,150.16,4.75,1.28,102,96.5,17.78,80,225,83.5,5,23.9945243,Prospect,NA,NA,NA,NA
Jock-Landale,3,2,63.46,119.36,103.22,336,2018,36,36,33.3,0.64,0.08,0.3,4.33,0.746,2.94,7.22,2,0.39,1,3.03,2.33,21.14,18,0,0.368,0.86,0.17,0.44,30,6,0.833,6.43,2.22,8.66,0.668,0.644,30.36,168.68,3.3,1.62,129.4,97.5,31.72,83,255,83.5,4,22.60095825,Prospect,NA,NA,NA,NA
Jordan-McLaughlin,1,1,67.68,114.53,100.48,242,2018,36,36,35.3,0.449,1.5,0.397,2.44,0.746,0.72,2.97,7.81,2,0.22,1.08,2.56,12.78,6,0,0.431,3.05,0.78,0.33,24,12,0.667,3.71,1.81,5.52,0.561,0.525,20.14,159.2,7.64,1.3,118.8,101.9,20.12,73,185,76.5,4,22.14373717,Prospect,NA,NA,NA,NA
Jamorko-Pickett,2,1,70.46,109.72,102.28,66,2018,30,29,27.5,0.363,1.87,0.357,1.37,0.745,0.57,3.17,1.77,0.4,0.57,1.9,2.43,9.57,0,0,0.185,0.73,0.16,0.21,15,15,0.5,0.04,0.83,0.78,0.498,0.469,21.24,146.47,4.45,1.1,90.3,106.4,8.49,79,190,88,1,19.43052704,Prospect,NA,NA,NA,NA
Justin-Bibbs,1,1,68.74,115.3,99.28,38,2018,31,30,32.8,0.487,2.13,0.398,1.13,0.745,0.16,2.29,1.55,0.61,0.16,1.55,1.19,13.26,0,0,0.241,1.3,0.51,0.15,19,12,0.613,1.95,0.92,2.87,0.604,0.591,19.57,162.97,0.5,1.29,113.4,107.4,14.32,77,220,81.5,4,22.37919233,Prospect,NA,NA,NA,NA
Marcus-Foster,1,1,70.79,115.53,98.61,198,2018,33,33,31.6,0.483,2.88,0.413,2.03,0.744,0.67,3.24,2.7,1.03,0.12,1.7,2.15,19.82,0,0,0.332,1.25,0.48,0.18,21,12,0.636,2.89,1.38,4.28,0.593,0.577,29.68,164.08,1.07,1.28,111.9,103,21.16,75,205,79,4,22.99520876,Prospect,NA,NA,NA,NA
Bruce-Brown,1,1,63.02,109.88,94.85,35,2017,33,28,31.9,0.459,1,0.347,2.73,0.744,1.45,4.18,3.21,1.48,0.55,2.52,2.03,11.85,2,1,0.295,1.58,0.73,0.41,21,12,0.636,2.53,1.97,4.5,0.559,0.515,20.88,155.01,0.38,1.34,114.3,96.9,19.25,77,190,80.5,2,21.79329227,Prospect,NA,NA,NA,NA
Troy-Brown,1,1,67.35,111.13,100.89,238,2018,35,35,31.2,0.444,0.91,0.291,2.23,0.743,1.51,4.69,3.17,1.57,0.2,2.23,2.46,11.31,4,0,0.265,1.29,0.64,0.33,23,12,0.657,1.63,1.67,3.3,0.532,0.494,20.95,147.79,1.1,1.23,105.8,100.9,15.86,79,210,83,1,18.84462697,Prospect,NA,NA,NA,NA
Gary-Clark,2,2,64.48,113.4,86.8,63,2018,36,36,28.5,0.526,0.75,0.435,3.25,0.741,2.97,5.72,2.11,1.42,1.22,2.08,1,12.89,14,0,0.25,2.11,1.42,0.52,31,5,0.861,4.38,3.53,7.91,0.612,0.571,20.34,170.23,1.51,1.53,135.4,80.9,27.75,80,225,82,4,23.54004107,Prospect,NA,NA,NA,NA
Jalen-Lindsey,2,1,66.21,108.45,96.02,71,2017,32,32,32.1,0.457,2.31,0.46,1.78,0.74,1.19,3.12,0.69,0.88,0.25,2.16,0.72,10.72,0,0,0.163,0.96,1.22,0.33,20,12,0.625,2.41,1.51,3.92,0.639,0.616,14.88,165.68,0.84,1.48,126.5,101.1,14.88,79,227,80.5,4,22.0971937,Prospect,NA,NA,NA,NA
Xavier-Sneed,2,1,65.61,110.11,95.34,55,2018,37,37,31.4,0.417,1.76,0.344,1.76,0.739,1.14,3.95,1.76,1.59,0.3,2.3,1.11,11.14,1,0,0.22,1.59,1.44,0.26,25,12,0.676,2.14,1.99,4.13,0.542,0.513,19.43,149.97,0.21,1.22,111.8,98.9,16.47,77,212,81,2,20.44353183,Prospect,NA,NA,NA,NA
Lonnie-Walker,1,1,67.04,112.86,97.43,35,2018,32,18,27.8,0.415,1.75,0.346,1.5,0.738,0.41,2.19,1.91,0.94,0.47,1.59,1.16,11.5,0,0,0.221,1.65,0.81,0.2,22,10,0.688,1.63,1.28,2.91,0.527,0.503,22.36,149.92,0.43,1.16,109.3,101.8,15.65,76,192,82.5,1,19.46338125,Prospect,NA,NA,NA,NA
Wendell-Carter-Jr,3,1,69.67,122.44,93.58,31,2018,37,37,26.9,0.561,0.51,0.413,3.35,0.738,2.95,6.11,2,0.81,2.05,2.84,2.03,13.54,16,0,0.225,0.99,0.4,0.53,29,8,0.784,3.72,2.36,6.08,0.628,0.591,22.67,171.23,2.55,1.57,125.3,92,26.36,82,259,87,1,19.1266256,Prospect,NA,NA,NA,NA
Ben-Lammers,3,1,68.24,99.98,90.98,33,2017,37,37,35.4,0.516,0.03,0.5,2.65,0.737,3,6.24,2.11,1.16,3.38,2.3,1.73,14.24,16,0,0.321,1.22,0.67,0.32,21,16,0.568,2.75,3.2,5.96,0.551,0.517,21.04,175.25,0.92,1.27,112,90.9,22.32,82,234,83,4,22.55167693,Prospect,NA,NA,NA,NA
Desi-Rodriguez,2,1,69.47,116.88,98.84,73,2018,31,29,30.3,0.498,1.81,0.373,2.52,0.736,1.06,3.74,2.03,1.03,0.48,2.39,2,17.48,0,0,0.3,1.02,0.52,0.26,20,11,0.645,2.84,1.14,3.98,0.589,0.566,26.43,160.67,2.08,1.32,116.8,104.1,21.08,78,220,82,4,22.19028063,Prospect,NA,NA,NA,NA
DeAndre-Ayton,3,1,67.15,118.05,100.35,235,2018,35,35,33.5,0.612,0.34,0.343,4,0.733,3.37,8.2,1.63,0.57,1.89,2.31,1.97,20.11,24,0,0.33,0.83,0.29,0.42,27,8,0.771,5.6,2.17,7.77,0.65,0.625,26.6,168.78,2.69,1.56,130.3,97.5,30.6,85,250,89,1,19.85763176,Prospect,NA,NA,NA,NA
Rawle-Alkins,2,1,66.02,118.39,95.08,235,2017,37,36,28,0.463,1.19,0.37,2,0.733,1.54,3.41,2.05,0.89,0.46,2.19,1.81,10.92,2,0,0.224,1.13,0.49,0.33,32,5,0.865,2.32,1.82,4.15,0.566,0.534,21.19,156.52,1.64,1.31,113.2,98.1,17.18,77,220,80.75,2,20.58863792,Prospect,NA,NA,NA,NA
Andrew-Jones,1,1,65.21,109.51,94.08,60,2018,10,8,22.6,0.528,1.9,0.475,2.2,0.733,0.4,2,2,0.6,0.2,1.6,1.7,13.5,0,0,0.232,1.18,0.35,0.34,7,3,0.7,0.9,0.4,1.3,0.654,0.635,26.13,173.64,1.66,1.52,122.9,97.2,22.76,76,195,78.5,2,20.47638604,Prospect,NA,NA,NA,NA
Nick-King,2,2,66.52,111.32,96.64,326,2018,33,33,32.9,0.495,1.27,0.389,4.06,0.732,2.36,6.06,1.97,0.7,0.21,1.52,2.85,21.03,11,0,0.359,0.69,0.24,0.35,25,8,0.758,3.39,2.04,5.43,0.569,0.535,33.12,161.63,4.81,1.33,111.8,97.2,24.54,79,225,84,4,22.82272416,Prospect,NA,NA,NA,NA
Ethan-Thompson,1,1,65.52,108.24,101.25,239,2018,32,32,32.2,0.383,1.09,0.333,2.72,0.731,1.25,2.81,3.47,0.72,0.38,2.72,1.97,9.88,0,0,0.251,1.76,0.37,0.47,16,16,0.5,1.49,1.03,2.52,0.51,0.453,18.59,144.78,1.11,1.25,107,106.4,12.32,77,190,77,1,19.07734428,Prospect,NA,NA,NA,NA
Khadeen-Carrington,1,1,67.53,109.41,95.77,73,2017,33,32,33.3,0.424,1.91,0.382,3.7,0.731,0.58,2.52,2.94,1.15,0.3,1.88,2.27,17.06,0,0,0.328,1.29,0.51,0.37,21,12,0.636,2.73,1.34,4.07,0.536,0.494,26.56,153.61,0.95,1.26,111.2,103.7,18.13,76,195,78,4,22.66119097,Prospect,NA,NA,NA,NA
Chimezie-Metu,3,1,67.68,114.53,100.48,242,2018,34,33,31,0.523,0.35,0.3,3.26,0.73,1.88,5.56,1.56,0.79,1.74,2.56,2,15.68,11,0,0.271,0.78,0.4,0.39,23,11,0.676,2.72,1.9,4.62,0.574,0.538,25.82,155.32,3.16,1.36,113.1,98,22.18,83,215,83,3,21.19370294,Prospect,NA,NA,NA,NA
Nickeil-Alexander-Walker,1,1,68.74,115.3,99.28,38,2018,33,33,25.5,0.449,1.76,0.392,1.39,0.73,0.7,3.15,1.48,0.85,0.55,1.48,1.58,10.67,0,0,0.186,0.94,0.54,0.23,21,12,0.636,1.33,1.21,2.55,0.575,0.554,22.01,157.13,2.3,1.28,106.9,101.7,15.95,77,210,81,1,19.74537988,Prospect,NA,NA,NA,NA
Isaiah-Roby,2,1,67.39,110.61,97.07,57,2018,32,13,24,0.565,0.53,0.405,2.28,0.73,1.66,4.59,1.66,0.62,1.97,3.22,1.5,8.75,4,0,0.187,1.1,0.42,0.6,21,11,0.656,1.98,1.63,3.61,0.65,0.616,17.36,170.02,1.69,1.67,121.4,94.7,20.9,80,226,87,2,20.32306639,Prospect,NA,NA,NA,NA
Shaquille-Morris,2,2,68.55,120.96,101.94,206,2018,33,29,23.7,0.553,0.55,0.391,2.76,0.728,1.67,3.94,1.33,0.55,1.55,2.42,1.45,13.97,3,0,0.23,0.92,0.38,0.39,25,8,0.758,2.82,1.44,4.26,0.611,0.582,26.5,167.28,2.38,1.45,121.9,97.7,25.19,80,279,85.5,5,24.26830938,Prospect,NA,NA,NA,NA
Chandler-Hutchison,1,2,68.83,109.86,96.95,340,2018,31,30,31,0.475,1.48,0.359,5.26,0.728,0.87,6.81,3.45,1.48,0.26,2.39,3.35,19.97,12,1,0.364,1.03,0.44,0.52,22,9,0.71,2.92,2.19,5.11,0.575,0.528,33.16,156.16,3.36,1.43,110.8,93.1,24.81,79,197,85,4,22.0971937,Prospect,NA,NA,NA,NA
Brandon-McCoy,3,2,72.33,111.38,104.94,212,2018,33,33,28.8,0.545,0.09,0.333,4.24,0.725,3.12,7.21,0.52,0.45,1.82,2.64,2.64,16.94,18,0,0.23,0.2,0.17,0.51,20,13,0.606,2.55,1.63,4.18,0.59,0.548,27.54,160.32,7.57,1.46,112.4,98.9,23.83,83,245,86.25,1,19.97262149,Prospect,NA,NA,NA,NA
Koby-McEwen,1,2,66.6,106.87,104.46,348,2017,32,31,30.9,0.462,1.84,0.418,4.09,0.724,0.5,4.56,3.12,0.75,0.34,2.81,2.66,14.69,0,0,0.29,1.18,0.28,0.6,15,17,0.469,2.33,1.38,3.71,0.604,0.559,24.8,160.42,1.89,1.55,111.1,101.8,17.99,76,200,78,2,20.84052019,Prospect,NA,NA,NA,NA
Jaylen-Barford,1,1,69.68,116.35,101.65,254,2018,35,35,31.3,0.47,2.49,0.431,2.66,0.721,1,2.91,2.54,1,0.29,2.51,1.91,17.94,2,0,0.311,1.33,0.52,0.27,23,12,0.657,3.4,0.97,4.37,0.583,0.561,27.19,162.12,0.69,1.32,116.3,107.6,20.74,75,202,76,2,22.35455168,Prospect,NA,NA,NA,NA
Kaleb-Wesson,3,1,66.98,116.02,94.86,103,2018,33,30,20.7,0.562,0.12,0.286,2.97,0.721,2.3,2.64,1.09,0.55,0.64,2.82,1.03,10.24,1,0,0.167,1.06,0.53,0.65,24,9,0.727,2.8,1.17,3.97,0.615,0.571,23.33,156.82,1.51,1.61,128,98.9,23.97,81,280,86,1,18.84188912,Prospect,NA,NA,NA,NA
Nick-Richards,3,1,68.76,115.81,95.36,258,2018,37,37,14.7,0.616,0,0,1.38,0.718,1.51,2.92,0.24,0.08,0.89,2.05,0.7,5.11,1,0,0.078,0.35,0.12,0.63,26,11,0.703,1.44,0.96,2.41,0.648,0.616,15.47,133.44,3.7,1.69,126.6,98.3,18.67,83,240,87.75,1,20.50376454,Prospect,NA,NA,NA,NA
DJ-Hogg,2,1,69.5,111.35,94.39,61,2018,32,31,30.9,0.41,2.03,0.378,1.59,0.718,1.16,4.12,2.62,0.84,0.88,2.09,1.62,11.06,2,0,0.226,1.62,0.52,0.24,21,11,0.656,1.81,1.63,3.43,0.547,0.522,18.32,150.66,0.4,1.22,112.4,99.6,15.26,81,215,82.5,3,21.7412731,Prospect,NA,NA,NA,NA
Zhaire-Smith,1,1,66.72,113.34,90.75,62,2018,37,21,28.4,0.556,0.49,0.45,2.46,0.717,2.24,2.76,1.76,1.14,1.05,1.81,1.11,11.27,0,0,0.227,1.59,1.02,0.46,27,10,0.73,3.45,2.26,5.71,0.618,0.588,18.24,172.25,0.23,1.51,129,94.4,21.38,77,195,82,1,18.99247091,Prospect,NA,NA,NA,NA
Silvio-De-Sousa,3,1,68.76,120.85,97.36,54,2018,20,0,8.8,0.681,0,0,0.75,0.714,1.65,2.05,0.2,0.05,0.15,1.65,0.9,3.95,1,0,0.063,0.22,0.06,0.45,15,5,0.75,0.55,0.22,0.77,0.693,0.681,21.75,139.51,8.86,1.68,119.9,103.6,21.67,80,220,82,1,19.6495551,Prospect,NA,NA,NA,NA
Isaac-Haas,3,1,67.85,116.93,93.08,105,2016,35,15,14.3,0.594,0,0,2.57,0.714,1.17,2.51,0.46,0.11,0.77,1.66,1.11,9.77,2,0,0.148,0.41,0.1,0.59,26,9,0.743,1.96,1.09,3.04,0.629,0.594,31.31,130.86,5.8,1.61,119.5,93.8,27.61,86,290,88,4,22.66392882,Prospect,NA,NA,NA,NA
Melvin-Frazier,2,2,69.01,106.92,106.88,304,2018,30,30,34.4,0.556,1.17,0.385,2.8,0.712,1.17,4.43,2.87,2.1,0.73,2,2.57,15.9,5,0,0.346,1.12,0.82,0.37,14,16,0.467,2.48,1.59,4.07,0.631,0.61,22.2,165.24,1.91,1.48,114.3,100.7,20.97,78,200,86.5,3,21.7522245,Prospect,NA,NA,NA,NA
Kyle-Alexander,3,1,66.01,114.65,92.38,263,2018,34,34,20.3,0.681,0.03,1,1.09,0.712,2.5,3.06,0.32,0.56,1.68,2.44,0.74,5.65,2,0,0.102,0.44,0.76,0.46,26,8,0.765,1.79,1.57,3.36,0.697,0.686,11.93,239.3,2.66,1.7,134.8,93.1,19.71,83,220,89.5,3,21.60985626,Prospect,NA,NA,NA,NA
John-Petty,2,1,68.71,108.65,95.24,253,2018,36,29,28.5,0.393,2.5,0.372,0.89,0.711,0.39,2.17,1.81,0.47,0.25,1,2.06,10.22,0,0,0.207,0.88,0.23,0.14,20,16,0.556,0.85,1.01,1.86,0.55,0.537,19.83,147.6,2.97,1.18,100.2,106.5,10.7,77,193,81,1,19.49623546,Prospect,NA,NA,NA,NA
Kyle-Washington,3,2,63.55,114.95,92.76,63,2017,36,35,24.7,0.51,0.42,0.357,2.25,0.711,2.17,4.58,0.86,0.36,1.17,2.53,1.47,12.89,7,0,0.222,0.58,0.25,0.32,30,6,0.833,2.53,2.05,4.58,0.559,0.53,27.23,157.74,3.9,1.29,113.8,92.3,23,81,230,85,4,24.78576318,Prospect,NA,NA,NA,NA
Donte-DiVincenzo,1,1,68.72,127.76,94,76,2018,40,10,29.3,0.481,2.12,0.401,1.9,0.71,1.15,3.6,3.48,1.05,0.2,2.08,1.98,13.43,1,0,0.268,1.76,0.53,0.27,36,4,0.9,3.82,1.84,5.67,0.608,0.59,22.4,159.2,1.17,1.37,121.5,100.4,19.89,77,205,77,3,21.33059548,Prospect,NA,NA,NA,NA
Jo-Acuil,3,1,66.69,111.49,95.46,51,2018,33,33,31,0.514,0.18,0.286,2.48,0.707,2.82,5.82,0.79,0.55,1.94,2.82,2.06,14,13,0,0.231,0.38,0.26,0.32,19,14,0.576,2.07,1.95,4.02,0.551,0.522,23.54,150.63,5.04,1.27,109.9,96.9,19.82,84,225,88,3,24.09856263,Prospect,NA,NA,NA,NA
Josh-Reaves,1,1,67.32,114.3,95.11,104,2018,34,32,30.8,0.487,1.18,0.377,1.56,0.707,1.74,3.35,3.15,2.18,0.5,3.09,1.41,10.56,2,0,0.26,2.23,1.54,0.27,24,10,0.706,2.79,2.32,5.11,0.582,0.56,17.19,157.12,2.29,1.32,122.5,93.7,19.47,76,210,79,3,20.99110198,Prospect,NA,NA,NA,NA
DeAnthony-Melton,1,1,68.75,114.15,100.7,242,2017,36,25,27,0.437,0.58,0.284,2.14,0.706,1.39,3.33,3.47,1.92,1.03,2.25,1.78,8.33,0,0,0.232,1.95,1.08,0.47,26,10,0.722,1.75,1.6,3.36,0.53,0.483,17.72,142.74,1.98,1.3,110.8,99.2,18.02,76,180,80,2,20.0109514,Prospect,NA,NA,NA,NA
Elijah-Stewart,1,1,68.75,114.15,100.7,242,2017,36,32,29.8,0.431,2.17,0.386,1.58,0.704,1.25,2.67,1.19,0.81,1.17,2.61,1.03,12.31,1,0,0.202,1.16,0.78,0.23,26,10,0.722,2.39,1.03,3.42,0.56,0.541,20.02,152.12,0.77,1.24,116.1,106.4,16.29,77,195,81,4,22.54620123,Prospect,NA,NA,NA,NA
Isaiah-Wilkins,2,1,59.16,112.25,87.96,37,2017,33,28,26.5,0.556,0.12,0.571,1.21,0.702,2.36,3.64,1.12,1,1.3,1.85,1.03,6.79,2,0,0.154,1.09,0.97,0.35,23,10,0.697,1.96,2.43,4.39,0.592,0.568,14.83,182.87,1.24,1.38,120.6,87.4,19.11,79,227,86,4,22.68856947,Prospect,NA,NA,NA,NA
Omari-Spellman,3,1,68.72,127.76,94,76,2018,40,39,28.1,0.476,1.62,0.433,1.23,0.7,2.25,5.78,0.75,0.65,1.48,2.3,1,10.85,11,0,0.156,0.75,0.65,0.21,36,4,0.9,3.02,2.27,5.29,0.588,0.573,18.32,160.95,1.78,1.29,123,95.8,19.56,81,245,86,2,20.862423,Prospect,NA,NA,NA,NA
Jarrey-Foster,2,2,64.32,109.5,100.89,303,2018,19,19,32.4,0.466,1.05,0.323,1.95,0.698,2.79,3.16,2.68,0.74,1.21,1.89,1.47,13.21,0,0,0.297,1.82,0.5,0.25,13,6,0.684,1.83,1.12,2.94,0.538,0.514,22.19,148.7,1.06,1.21,118.4,97.2,19.44,78,220,84,3,21.47570157,Prospect,NA,NA,NA,NA
Justin-Jackson,2,1,67.2,113.08,98.74,34,2017,33,30,27.8,0.438,1.39,0.438,2.03,0.698,1.76,4.27,0.94,0.88,0.79,2.18,1.64,10.52,2,0,0.179,0.57,0.54,0.36,24,9,0.727,1.52,1.65,3.17,0.555,0.524,20.23,157.42,3.72,1.3,108.4,97.6,16.14,79,225,87.25,2,21.28131417,Prospect,NA,NA,NA,NA
Trent-Forrest,1,1,71.25,114.29,96.52,32,2018,34,2,25.6,0.494,0.09,0.214,2.71,0.697,1.29,3.65,4.06,1.56,0.35,1.76,1.74,7.91,1,0,0.235,2.34,0.9,0.75,22,12,0.647,2.01,1.62,3.63,0.563,0.503,16.44,140.56,3.68,1.53,117.7,97.4,18.41,77,215,79.5,2,19.96988364,Prospect,NA,NA,NA,NA
Isaac-Copeland,3,1,67.39,110.61,97.07,57,2018,33,33,30.7,0.472,1.24,0.369,1.94,0.696,1.67,4.42,1.15,0.82,1,1.7,1,12.82,3,0,0.24,1.15,0.82,0.27,22,11,0.667,2.36,1.66,4.02,0.556,0.533,20.78,153.68,0.78,1.26,116.2,99.7,18.83,81,221,81,4,22.96783025,Prospect,NA,NA,NA,NA
Rayshaun-Hammonds,2,1,64.4,107.52,95.88,257,2018,33,26,24.2,0.421,0.48,0.286,1.24,0.695,1.48,3.42,1.36,0.45,0.18,2.45,1.3,6.7,0,0,0.166,1.05,0.35,0.3,18,15,0.545,0.76,1.17,1.93,0.495,0.462,17.26,140.11,1.75,1.13,102.6,101.4,11.57,80,227,83,1,19.55646817,Prospect,NA,NA,NA,NA
Jordan-Goodwin,1,2,64.13,102.1,100,25,2018,26,26,33.4,0.372,0.73,0.235,2.5,0.691,2.62,4.88,3.96,2,0.62,2.69,2.15,11.54,5,1,0.362,1.84,0.93,0.32,14,12,0.538,1.05,1.8,2.85,0.448,0.405,23.06,129.85,1.56,1.03,101.3,94.8,17.43,75,215,82,1,19.60574949,Prospect,NA,NA,NA,NA
Quinton-Rose,1,2,67.11,108.28,104.35,27,2017,32,6,24.8,0.434,0.66,0.296,2.22,0.689,0.84,3.22,1.91,1.53,0.44,2.09,1.91,10.06,0,0,0.218,1,0.8,0.39,16,16,0.5,0.74,1.27,2.01,0.513,0.474,24.29,141.91,2.64,1.22,98.7,99.6,16.33,80,185,80,2,20.3449692,Prospect,NA,NA,NA,NA
Dewan-Huell,3,1,67.04,112.86,97.43,35,2018,32,32,25.8,0.576,0,0,2.22,0.689,2.03,4.62,0.44,0.5,0.97,1.88,1.38,11.41,5,0,0.184,0.32,0.36,0.4,22,10,0.688,2.09,1.5,3.59,0.6,0.576,21.7,126.58,4.33,1.43,116.4,97.9,20.84,83,220,84,2,21.47570157,Prospect,NA,NA,NA,NA
AJ-Davis,2,2,64.45,98.85,93.23,307,2018,31,31,33,0.436,0.97,0.33,3.58,0.689,1.94,5.65,2.16,0.94,0.39,2.1,2.1,12.23,8,0,0.28,1.03,0.45,0.59,18,13,0.581,1.75,2.38,4.13,0.542,0.491,21.72,145.5,2.14,1.39,107.6,92.5,17.27,81,215,83.5,4,23.21423682,Prospect,NA,NA,NA,NA
Obi-Enechionyia,3,2,65.89,106.96,98.14,27,2016,32,25,25.3,0.424,1.75,0.386,1.38,0.688,0.97,2.78,0.56,0.34,0.94,2.66,0.91,11,1,0,0.18,0.62,0.38,0.22,21,11,0.656,1.45,1.18,2.62,0.538,0.519,22.96,149.79,2.22,1.19,108.5,101.3,15.99,82,220,82,4,22.69952088,Prospect,NA,NA,NA,NA
Malik-Pope,2,2,68.81,110.46,96.37,5,2018,32,32,26.3,0.52,0.44,0.359,1.91,0.685,2.09,4.56,1.19,0.72,1.16,2.22,1.81,12.84,2,0,0.234,0.66,0.4,0.28,21,11,0.656,1.83,1.82,3.65,0.563,0.542,24.56,156.45,3.85,1.27,110.4,94.3,20.53,82,220,86,4,21.85078713,Prospect,NA,NA,NA,NA
Miles-Bridges,2,1,66.88,111.41,95.9,100,2017,28,27,32,0.486,2,0.389,2.25,0.685,1.46,6.82,2.07,0.68,1.54,1.86,2.36,16.89,7,0,0.324,0.88,0.29,0.25,14,14,0.5,2.05,1.67,3.72,0.58,0.563,27.41,155.99,3.14,1.3,109.2,96.9,22.22,79,225,80.75,2,20.19712526,Prospect,NA,NA,NA,NA
Mohamed-Bamba,3,1,65.21,109.51,94.08,60,2018,30,29,30.2,0.541,0.47,0.275,2.7,0.681,3.2,7.33,0.5,0.77,3.63,2.53,1.53,12.9,15,0,0.209,0.33,0.5,0.44,16,14,0.533,2.49,2.46,4.95,0.593,0.567,21.3,149.59,4.15,1.43,118.4,88.4,26.37,83,225,93,1,20.05475702,Prospect,NA,NA,NA,NA
Justin-Johnson,2,2,67.05,108.59,109.25,331,2016,34,26,28.9,0.601,0.03,0.111,3.29,0.675,3,4.94,1.41,0.47,0.56,2.15,1.71,14.91,10,0,0.265,0.83,0.28,0.51,18,16,0.529,3.75,0.83,4.59,0.623,0.602,23.49,138.64,2.67,1.55,125.1,107.6,24.5,79,245,80,4,22.02327173,Prospect,NA,NA,NA,NA
Chuma-Okeke,3,1,72.58,115.44,96.74,255,2018,34,0,21.6,0.458,1,0.391,1.09,0.673,2.03,3.76,1.12,0.68,0.74,1.94,0.79,7.5,3,0,0.143,1.41,0.85,0.27,26,8,0.765,1.75,1.28,3.03,0.561,0.542,16.19,152.12,0.22,1.27,121.9,98.6,17.57,80,230,84,1,19.78644764,Prospect,NA,NA,NA,NA
Chris-Lewis,3,2,67.04,106.66,101.93,159,2017,28,23,18.8,0.652,0,0,1.5,0.667,1.71,3.14,0.93,0.86,1.25,2.43,1.39,7.79,0,0,0.163,0.67,0.62,0.47,18,10,0.643,1.38,1.27,2.65,0.661,0.652,19.86,131.85,4.25,1.61,118,91.3,22.81,81,235,85.5,2,20.38603696,Prospect,NA,NA,NA,NA
Jalek-Felton,1,1,71.23,120.34,96.75,2,2018,22,1,9.7,0.387,0.5,0.314,0.18,0.667,0.09,0.82,1.59,0.36,0.09,0.5,1.09,2.86,0,0,0.09,1.46,0.33,0.1,16,6,0.727,0.04,0.3,0.34,0.486,0.476,19.23,136.8,0.3,1.02,92.5,101.6,9.47,75,190,80,1,20.08487337,Prospect,NA,NA,NA,NA
Justin-Simon,1,1,69.35,106.48,96.17,75,2018,33,33,36.1,0.473,0.45,0.417,2.55,0.661,1.15,5.94,5.06,2.48,0.82,2.73,2.88,12.15,9,0,0.367,1.76,0.86,0.4,16,17,0.485,1.44,2.46,3.9,0.529,0.497,20.02,155.14,1.35,1.26,102.9,95.2,17.78,77,215,83,2,22.0698152,Prospect,NA,NA,NA,NA
Lindell-Wigginton,1,1,68.93,109.94,103.37,53,2018,31,31,33,0.414,2.23,0.401,3.45,0.66,0.65,3.1,2.84,0.9,0.42,2.52,2.97,16.71,1,0,0.317,0.96,0.3,0.39,13,18,0.419,1.33,0.75,2.08,0.529,0.498,28.43,147.57,3.27,1.25,101,109.2,15.32,74,188,75.5,1,20.1779603,Prospect,NA,NA,NA,NA
Kris-Wilkes,2,1,70.35,114.95,101.43,241,2018,33,32,29.8,0.441,1.7,0.352,2.3,0.655,1.3,3.61,1.7,0.76,0.55,2.52,1.33,13.7,1,0,0.233,1.27,0.57,0.32,21,12,0.636,2.14,1.06,3.19,0.541,0.518,23.04,144.81,0.66,1.25,111.9,105.6,16.78,80,195,83,1,19.70157426,Prospect,NA,NA,NA,NA
Terance-Mann,1,1,71.25,114.29,96.52,32,2018,34,31,29.2,0.568,0.38,0.25,2.18,0.655,1.91,3.53,2.56,0.91,0.26,1.68,1.76,12.62,1,0,0.268,1.45,0.52,0.38,22,12,0.647,2.8,1.4,4.2,0.605,0.59,20.14,147.3,0.2,1.43,120.3,102.2,19.4,78,204,78.5,3,21.61806982,Prospect,NA,NA,NA,NA
Justin-Tillman,2,2,70.9,106.08,103.8,126,2018,33,33,30.6,0.557,0.82,0.329,3.09,0.654,3.3,6.61,0.45,0.33,1.03,2.36,1.7,18.94,18,0,0.286,0.27,0.2,0.35,18,15,0.545,3.48,1.42,4.9,0.602,0.588,27.83,154.04,4.46,1.4,118.8,102.1,25.54,80,220,87,4,22.32717317,Prospect,NA,NA,NA,NA
Reid-Travis,2,1,68.33,104.79,98.88,240,2017,27,27,30.1,0.579,0,0,4.37,0.652,3.44,5.41,0.52,0.52,0.19,2.37,2.07,17.41,9,0,0.277,0.25,0.25,0.6,13,14,0.481,2.68,1.03,3.71,0.603,0.579,27.69,123.09,5.79,1.55,116.7,103.2,23.91,80,245,84,4,22.51608487,Prospect,NA,NA,NA,NA
Jarron-Cumberland,1,2,63.55,114.95,92.76,63,2017,35,0,19.1,0.493,1.09,0.355,1.6,0.644,1.03,1.37,1.49,0.97,0.26,1.8,1,8.34,0,0,0.16,1.49,0.97,0.43,29,6,0.829,2.09,1.33,3.42,0.602,0.587,21.42,149.14,0.05,1.45,122,95.6,20.41,77,215,77.5,2,20.6899384,Prospect,NA,NA,NA,NA
Raymond-Spalding,3,1,69.67,112.16,96.75,67,2018,36,34,27.6,0.543,0.14,0.263,2.03,0.64,3.14,5.53,1.28,1.5,1.72,2.97,1.69,12.33,11,0,0.236,0.75,0.89,0.34,22,14,0.611,2.54,2.4,4.94,0.568,0.55,22.97,144.65,3.06,1.32,114.4,91.6,24.08,82,215,85,3,21.2238193,Prospect,NA,NA,NA,NA
Oscar-da-Silva,2,1,70.89,107.71,99.34,240,2018,35,11,24.1,0.517,0.83,0.558,1,0.636,1.51,3.14,1.14,0.43,0.86,2.74,1.54,6.23,1,0,0.126,0.74,0.28,0.37,19,16,0.543,1.02,1.08,2.11,0.622,0.614,13.09,171.08,3.14,1.46,109.9,103.4,11.69,81,210,85,1,19.69336071,Prospect,NA,NA,NA,NA
Jarred-Vanderbilt,2,1,68.76,115.81,95.36,258,2018,14,0,17,0.426,0,0,1.71,0.632,3.29,4.57,1,0.43,0.79,2.64,1.07,5.86,1,0,0.118,0.93,0.4,0.56,7,7,0.5,0.49,0.48,0.96,0.476,0.426,20.43,105.8,2.39,1.21,110.5,95.8,20.63,81,214,85,1,19.16221766,Prospect,NA,NA,NA,NA
Marvin-Bagley-III,2,1,69.67,122.44,93.58,31,2018,33,32,33.9,0.614,0.7,0.397,3.97,0.627,4,7.09,1.52,0.82,0.88,1.82,2.27,21.03,22,0,0.312,0.67,0.36,0.47,25,8,0.758,4.93,2.06,6.99,0.643,0.64,25.94,163.7,3.66,1.58,128.1,97.5,28.33,83,234,84.5,1,19.21697467,Prospect,NA,NA,NA,NA
Wenyen-Gabriel,3,1,68.76,115.81,95.36,258,2018,37,7,23.1,0.442,1.14,0.396,0.95,0.625,1.76,3.59,0.54,0.81,1.08,3.05,1.11,6.78,1,0,0.107,0.49,0.73,0.28,26,11,0.703,1.3,1.58,2.88,0.561,0.548,15.15,146.29,3.25,1.27,112.6,97.5,14.37,81,205,83,2,21.18275154,Prospect,NA,NA,NA,NA
Paschal-Chukwu,3,1,62.91,107.03,92.21,382,2018,37,37,27.4,0.655,0,0,1.49,0.625,2.78,4.05,0.41,0.7,2.49,3.14,1.08,5.38,3,0,0.105,0.38,0.65,0.8,23,14,0.622,1.67,2.19,3.86,0.655,0.655,9.99,127.95,3.22,1.81,122.5,94.2,16.67,86,228,90,3,23.12936345,Prospect,NA,NA,NA,NA
Nick-Ward,3,1,67.04,119.19,93.77,100,2018,35,34,18.9,0.648,0.03,1,3.14,0.621,2.69,4.43,0.51,0.31,1.34,2.34,1.66,12.43,8,0,0.182,0.31,0.19,0.71,30,5,0.857,2.71,1.74,4.45,0.651,0.65,29.77,226.95,7.14,1.74,121.7,89.3,30.33,80,245,86,2,20.74469541,Prospect,NA,NA,NA,NA
Hamidou-Diallo,1,1,68.76,115.81,95.36,258,2018,37,37,24.8,0.428,0.7,0.338,2.08,0.611,0.86,2.76,1.24,0.76,0.35,2.59,1.38,10.03,1,0,0.18,0.9,0.55,0.4,26,11,0.703,1.19,1.29,2.48,0.498,0.47,22.58,137.69,2.22,1.19,103.9,102.2,13.35,77,198,83,2,19.83572895,Prospect,NA,NA,NA,NA
Markell-Johnson,1,1,71.43,116.33,101.82,36,2018,26,24,29.1,0.46,1.04,0.409,1.62,0.609,0.58,2.81,7.31,1.69,0.23,2.42,3.23,8.88,4,0,0.354,2.26,0.52,0.39,17,9,0.654,1.27,1.09,2.36,0.553,0.537,18.44,147.8,5.47,1.31,107.5,101.7,15.9,73,165,75,2,19.76728268,Prospect,NA,NA,NA,NA
PJ-Washington,2,1,68.76,115.81,95.36,258,2018,37,30,27.4,0.517,0.14,0.238,3.41,0.606,1.81,3.89,1.54,0.76,0.84,2.7,1.92,10.78,3,0,0.191,0.8,0.39,0.8,26,11,0.703,1.9,1.62,3.52,0.558,0.527,20.72,136.12,3.27,1.54,110,100.1,16.78,79,236,87,1,19.77275838,Prospect,NA,NA,NA,NA
Trevon-Duval,1,1,69.67,122.44,93.58,31,2018,37,34,29.8,0.428,0.84,0.29,1.43,0.596,0.54,1.43,5.59,1.46,0.14,2.41,2.76,10.27,2,0,0.316,2.03,0.53,0.26,29,8,0.784,1.56,1.54,3.1,0.489,0.473,21.2,131.3,3.23,1.1,104.3,102.2,13.03,75,186,81.5,1,19.8275154,Prospect,NA,NA,NA,NA
Marques-Bolden,3,1,69.67,122.44,93.58,31,2018,29,2,12.9,0.615,0,0,0.55,0.593,1.31,2.28,0.59,0.31,0.97,1.38,0.55,3.86,1,0,0.074,1.06,0.56,0.35,23,6,0.793,0.87,0.76,1.63,0.617,0.615,13.64,120.8,1.24,1.44,125.5,95.6,18.71,83,246,89,2,20.12320329,Prospect,NA,NA,NA,NA
Robert-Williams,3,1,64.54,108.75,97.26,61,2017,31,17,25.8,0.556,0.06,0.111,1.9,0.59,3.03,5.1,1.42,0.68,2.48,1.84,1.74,11.84,10,0,0.245,0.81,0.39,0.36,16,15,0.516,2.04,1.65,3.68,0.569,0.56,23.57,125.75,3.22,1.33,113.5,94.9,25.32,82,241,89.5,2,20.62149213,Prospect,NA,NA,NA,NA
Kenrich-Williams,2,1,67.07,114.49,96.97,211,2017,37,36,32.7,0.495,1.22,0.363,1.57,0.586,3.3,6.32,2.73,1.49,0.65,2.49,1.19,11.38,18,1,0.261,2.3,1.25,0.31,22,15,0.595,3.52,2.14,5.66,0.572,0.565,17.11,144.41,1.98,1.31,125.2,97.9,21.33,79,210,80,4,23.49623546,Prospect,NA,NA,NA,NA
Jamuni-McNeace,3,1,75.48,114.61,100.45,4,2018,32,5,18,0.671,0,0,0.91,0.569,1.41,4,0.34,0.59,1.44,2.44,1.53,6.78,1,0,0.11,0.22,0.39,0.36,18,14,0.562,0.82,0.96,1.78,0.661,0.671,17.04,124.01,6.62,1.55,108.5,99.4,17.79,82,215,88,4,22.18480493,Prospect,NA,NA,NA,NA
Charles-Matthews,1,1,64.86,114.72,90.51,1,2018,41,41,30.1,0.495,0.83,0.318,2.12,0.558,1.29,4.24,2.39,0.73,0.63,2.15,2.05,12.95,4,0,0.277,1.17,0.36,0.38,33,8,0.805,2.16,2.51,4.67,0.544,0.536,25.12,137.06,1.61,1.28,105.9,95.6,17.79,78,200,81,2,21.54140999,Prospect,NA,NA,NA,NA
Angel-Delgado,3,1,67.53,109.41,95.77,73,2017,33,33,33,0.543,0,0,3.3,0.556,5.03,8.03,2.21,0.64,0.33,2.52,3,15.24,27,0,0.31,0.74,0.21,0.54,21,12,0.636,2.61,1.82,4.44,0.551,0.543,24.77,109.88,4.68,1.39,109.9,98.9,22.7,82,245,84,4,23.52908966,Prospect,NA,NA,NA,NA
Donta-Hall,3,1,68.71,108.65,95.24,253,2018,34,31,23.7,0.726,0,0,1.76,0.556,2.24,4.35,0.59,0.71,2,1.74,1.26,10.65,5,0,0.198,0.47,0.56,0.52,19,15,0.559,2.55,1.68,4.24,0.698,0.726,18.69,128.15,3.65,1.74,127.7,95,25.31,81,232,88,3,20.81587953,Prospect,NA,NA,NA,NA
Javin-DeLaurier,3,1,69.67,122.44,93.58,31,2018,33,5,12.7,0.643,0.03,0.125,0.64,0.553,1.64,2.33,0.48,0.64,0.58,2.24,0.7,3.39,0,0,0.061,0.7,0.91,0.54,25,8,0.758,0.87,0.9,1.76,0.636,0.65,12.59,132.05,2.92,1.6,122.2,94.5,17.45,82,231,84,2,20.15058179,Prospect,NA,NA,NA,NA
Johnathan-Williams,3,2,69.42,118.09,95.05,332,2018,37,36,29.2,0.563,0.22,0.229,2.54,0.54,2.35,6.11,1.59,0.73,1.08,2.65,2.16,13.41,15,0,0.228,0.74,0.34,0.5,32,5,0.865,2.54,2.46,5,0.573,0.574,23.56,133.17,3.78,1.42,112.1,93,20.72,81,228,85.5,4,23.02806297,Prospect,NA,NA,NA,NA
Daniel-Gafford,3,1,69.68,116.35,101.65,254,2018,35,26,22.6,0.605,0,0,2.43,0.528,2.17,4,0.69,0.54,2.17,3.26,1.06,11.8,3,0,0.187,0.65,0.51,0.59,23,12,0.657,2.55,1.29,3.84,0.594,0.605,23.94,113.31,2.61,1.52,120.3,99.8,25.06,83,217,86,1,19.6659822,Prospect,NA,NA,NA,NA
Jeremiah-Tilmon,3,1,65.69,111.88,97.05,56,2018,33,33,19.4,0.562,0,0,1.21,0.526,1.94,2.24,0.45,0.24,1,3.67,2.12,8.12,2,0,0.162,0.21,0.11,0.37,20,13,0.606,0.4,0.98,1.38,0.56,0.562,25.12,108.79,9.75,1.32,96.3,100.8,13.66,82,252,85.5,1,19.51540041,Prospect,NA,NA,NA,NA
Jaesean-Tate,2,1,65.18,115.58,94.83,103,2015,35,16,22,0.589,0.09,0.158,1.51,0.52,1.89,3.11,0.34,0.89,0.6,2.51,1.2,8.8,0,0,0.143,0.29,0.74,0.48,24,11,0.686,1.74,1.61,3.35,0.587,0.596,20.47,126.63,4.37,1.44,112.8,93.2,18.99,76,230,80,4,22.5927447,Prospect,NA,NA,NA,NA
Kostas-Antetokounmpo,2,2,66.27,108.36,108.34,16,2018,29,6,15.1,0.574,0.07,0.133,1.14,0.516,0.83,2.03,0.45,0.24,1.07,2.28,1.34,5.21,2,0,0.097,0.33,0.18,0.63,13,16,0.448,0.21,0.5,0.71,0.575,0.584,21.02,122.32,7.29,1.5,95.8,105,13.1,82,190,85.75,2,20.04380561,Prospect,NA,NA,NA,NA
Abdul-Ado,3,1,67.31,110.53,96.92,261,2018,36,36,26.5,0.615,0,0,1.61,0.513,2.86,3.58,0.36,0.78,1.81,2.58,1.97,7.83,3,0,0.129,0.18,0.39,0.62,24,12,0.667,1.12,1.84,2.95,0.598,0.615,16.35,112.87,6.72,1.55,105.4,96.7,16.01,83,250,88,2,20.64065708,Prospect,NA,NA,NA,NA
Herb-Jones,2,1,68.71,108.65,95.24,253,2018,35,13,21.2,0.408,0.2,0.269,0.69,0.5,0.83,2.66,1.37,1.26,0.63,2.69,1.6,4.2,0,0,0.119,0.86,0.79,0.34,20,15,0.571,0.38,1.39,1,0.446,0.433,14.86,117.77,3.22,1.04,83.8,97.3,8.66,79,198,84,1,19.65229295,Prospect,NA,NA,NA,NA
Austin-Wiley,2,1,73.58,111.87,103.35,255,2017,23,22,18,0.584,0,0,2.43,0.491,2.26,2.43,0.22,0.22,1.35,2.57,1.78,8.78,1,0,0.127,0.12,0.12,0.91,11,12,0.478,0.63,0.27,0.9,0.564,0.584,24.63,107.52,8.57,1.62,103.4,109.5,18.07,83,260,89,2,19.39493498,Prospect,NA,NA,NA,NA
Anas-Mahmoud,3,1,67.94,117.24,91.73,67,2017,31,16,18.7,0.623,0,0,0.77,0.462,1.52,2.48,0.84,0.87,2.1,2.65,1.13,5.68,1,0,0.118,0.74,0.77,0.43,22,9,0.71,0.94,1.51,2.45,0.6,0.623,15.46,108.45,3.11,1.44,111.6,89.2,19.23,84,215,86.5,4,23.07460643,Prospect,NA,NA,NA,NA
Emmanuel-Akot,1,1,67.15,118.05,100.35,235,2018,31,4,10.4,0.389,0.29,0.375,0.16,0.455,0.35,0.74,0.84,0.19,0.1,0.84,0.61,1.81,0,0,0.053,1.37,0.32,0.2,23,8,0.742,0.09,0.32,0.41,0.473,0.472,12.54,121.84,0.53,1.04,95.3,106.3,6.48,79,200,80,1,19.20876112,Prospect,NA,NA,NA,NA
Marcus-Lee,3,1,63.97,118.34,95.79,258,2014,24,4,6.5,0.619,0,0,0.29,0.438,0.88,0.62,0.08,0,0.58,0.79,0.17,2.46,0,0,0.045,0.5,0,0.38,17,7,0.708,0.48,0.25,0.73,0.595,0.619,16.89,105.65,1.73,1.4,130.4,100.8,20.85,83,225,87,4,23.71252567,Prospect,NA,NA,NA,NA
Udoka-Azubuike,3,1,68.76,120.85,97.36,54,2018,36,34,23.6,0.77,0,0,1.25,0.417,2.42,4.58,0.67,0.56,1.67,3,1.75,12.97,6,0,0.219,0.38,0.32,0.39,28,8,0.778,2.93,1.56,4.49,0.718,0.77,22.82,118.67,5.5,1.7,124.4,97.6,26.91,84,280,89,2,18.70499658,Prospect,NA,NA,NA,NA
Sacha-Killeya-Jones,3,1,72.02,119.07,91.35,258,2017,14,0,6.9,0.586,0,0,0.43,0.4,0.86,1.36,0.14,0.07,0.71,1.36,0.5,2.86,0,0,0.04,0.29,0.14,0.52,14,0,1,0.16,0.27,0.43,0.554,0.586,19.56,98.62,5.43,1.38,108.1,86.9,17.29,82,221,86,2,19.80835044,Prospect,NA,NA,NA,NA
Chris-Wray,2,2,64.69,103.74,110.1,219,2018,24,23,32,0.622,0,0,1.12,0.321,3,5.25,3.71,2.04,2.08,2.54,1.92,9.62,4,0,0.317,1.93,1.07,0.51,15,9,0.625,1.96,1.68,3.64,0.566,0.622,18,94.34,1.85,1.41,117.4,93.9,22.65,80,205,86,4,23.58658453,Prospect,NA,NA,NA,NA
Ike-Obiagu,3,1,71.25,114.29,96.52,32,2018,34,14,10.7,0.569,0,0,0.35,0.316,0.97,1.59,0.06,0.21,2.09,1.76,0.74,2.29,0,0,0.036,0.08,0.28,0.66,22,12,0.647,0.01,0.87,0.86,0.513,0.569,13.33,88.48,6.32,1.34,90.6,91.9,14.02,84,240,89.25,1,19.92881588,Prospect,NA,NA,NA,NA
Zach-Smith,1,1,65.4,112.38,103.66,70,2017,8,0,1.9,0,0,0,0,0,0.12,0.12,0,0,0,0.12,0.12,0,0,0,0,0,0,0,3,5,0.375,0.11,0.01,0.12,0,0,21.31,0,6.96,0,12.6,122.9,14.27,75,200,84.5,2,22.40383299,Prospect,NA,NA,NA,NA